DataSize(Bytes),iterations,TotalTime(sec),Average(sec),Throughput(MiBit/s)
1024,100,0.00142460,0.000,548.400
1048576,100,0.88683940,0.009,902.080
10485760,100,15.05340470,0.151,531.441
